{
  "evaluation_type": "real-time_live",
  "timestamp": "2026-05-28 11:39:36",
  "config": {
    "rounds": 3,
    "hold_seconds": 5,
    "countdown_seconds": 3
  },
  "total_frames": 1603,
  "accuracy": 85.46475358702433,
  "precision_macro": 86.49952397599806,
  "recall_macro": 85.74655375570428,
  "f1_macro": 85.41060467859577,
  "avg_confidence": 0.7042498271575364,
  "min_confidence": 0.23495669662952423,
  "max_confidence": 0.9452509880065918,
  "per_class": {
    "fist": {
      "precision": 79.06976744186046,
      "recall": 100.0,
      "f1": 88.31168831168831,
      "support": 238
    },
    "index_point": {
      "precision": 85.85365853658537,
      "recall": 85.43689320388349,
      "f1": 85.64476885644768,
      "support": 206
    },
    "open_palm": {
      "precision": 78.82352941176471,
      "recall": 81.70731707317073,
      "f1": 80.23952095808383,
      "support": 246
    },
    "pinch": {
      "precision": 95.5,
      "recall": 77.32793522267207,
      "f1": 85.4586129753915,
      "support": 247
    },
    "three_fingers_down": {
      "precision": 73.8197424892704,
      "recall": 92.47311827956989,
      "f1": 82.10023866348448,
      "support": 186
    },
    "three_fingers_up": {
      "precision": 92.98245614035088,
      "recall": 87.96680497925311,
      "f1": 90.40511727078892,
      "support": 241
    },
    "two_fingers_up": {
      "precision": 99.4475138121547,
      "recall": 75.31380753138075,
      "f1": 85.71428571428571,
      "support": 239
    }
  },
  "confusion_matrix": [
    [
      238,
      0,
      0,
      0,
      0,
      0,
      0
    ],
    [
      0,
      176,
      0,
      0,
      18,
      12,
      0
    ],
    [
      17,
      3,
      201,
      0,
      25,
      0,
      0
    ],
    [
      46,
      9,
      0,
      191,
      1,
      0,
      0
    ],
    [
      0,
      8,
      0,
      3,
      172,
      3,
      0
    ],
    [
      0,
      2,
      5,
      4,
      17,
      212,
      1
    ],
    [
      0,
      7,
      49,
      2,
      0,
      1,
      180
    ]
  ],
  "per_trial": [
    {
      "trial": 1,
      "gesture": "index_point",
      "gesture_label": "Index Point",
      "frames_recorded": 63,
      "correct_frames": 50,
      "trial_accuracy": 79.36507936507937,
      "avg_confidence": 0.647515767150455
    },
    {
      "trial": 2,
      "gesture": "pinch",
      "gesture_label": "Pinch",
      "frames_recorded": 87,
      "correct_frames": 63,
      "trial_accuracy": 72.41379310344827,
      "avg_confidence": 0.7332907973349779
    },
    {
      "trial": 3,
      "gesture": "three_fingers_down",
      "gesture_label": "Three Fingers Down",
      "frames_recorded": 77,
      "correct_frames": 67,
      "trial_accuracy": 87.01298701298701,
      "avg_confidence": 0.6424495744240748
    },
    {
      "trial": 4,
      "gesture": "open_palm",
      "gesture_label": "Open Palm",
      "frames_recorded": 88,
      "correct_frames": 69,
      "trial_accuracy": 78.4090909090909,
      "avg_confidence": 0.7516693235798315
    },
    {
      "trial": 5,
      "gesture": "two_fingers_up",
      "gesture_label": "Two Fingers Up",
      "frames_recorded": 90,
      "correct_frames": 53,
      "trial_accuracy": 58.88888888888889,
      "avg_confidence": 0.504306803146998
    },
    {
      "trial": 6,
      "gesture": "fist",
      "gesture_label": "Fist",
      "frames_recorded": 85,
      "correct_frames": 85,
      "trial_accuracy": 100.0,
      "avg_confidence": 0.8775846109670751
    },
    {
      "trial": 7,
      "gesture": "three_fingers_up",
      "gesture_label": "Three Fingers Up",
      "frames_recorded": 86,
      "correct_frames": 76,
      "trial_accuracy": 88.37209302325581,
      "avg_confidence": 0.607078219222468
    },
    {
      "trial": 8,
      "gesture": "pinch",
      "gesture_label": "Pinch",
      "frames_recorded": 87,
      "correct_frames": 66,
      "trial_accuracy": 75.86206896551724,
      "avg_confidence": 0.6947056788137589
    },
    {
      "trial": 9,
      "gesture": "two_fingers_up",
      "gesture_label": "Two Fingers Up",
      "frames_recorded": 78,
      "correct_frames": 61,
      "trial_accuracy": 78.2051282051282,
      "avg_confidence": 0.5946796899422621
    },
    {
      "trial": 10,
      "gesture": "open_palm",
      "gesture_label": "Open Palm",
      "frames_recorded": 80,
      "correct_frames": 70,
      "trial_accuracy": 87.5,
      "avg_confidence": 0.8450025368481875
    },
    {
      "trial": 11,
      "gesture": "three_fingers_down",
      "gesture_label": "Three Fingers Down",
      "frames_recorded": 76,
      "correct_frames": 73,
      "trial_accuracy": 96.05263157894737,
      "avg_confidence": 0.6573141311344347
    },
    {
      "trial": 12,
      "gesture": "fist",
      "gesture_label": "Fist",
      "frames_recorded": 81,
      "correct_frames": 81,
      "trial_accuracy": 100.0,
      "avg_confidence": 0.8955863817238513
    },
    {
      "trial": 13,
      "gesture": "three_fingers_up",
      "gesture_label": "Three Fingers Up",
      "frames_recorded": 80,
      "correct_frames": 73,
      "trial_accuracy": 91.25,
      "avg_confidence": 0.701054672151804
    },
    {
      "trial": 14,
      "gesture": "index_point",
      "gesture_label": "Index Point",
      "frames_recorded": 72,
      "correct_frames": 65,
      "trial_accuracy": 90.27777777777779,
      "avg_confidence": 0.6449360731575224
    },
    {
      "trial": 15,
      "gesture": "pinch",
      "gesture_label": "Pinch",
      "frames_recorded": 73,
      "correct_frames": 62,
      "trial_accuracy": 84.93150684931507,
      "avg_confidence": 0.6989877693457146
    },
    {
      "trial": 16,
      "gesture": "open_palm",
      "gesture_label": "Open Palm",
      "frames_recorded": 78,
      "correct_frames": 62,
      "trial_accuracy": 79.48717948717949,
      "avg_confidence": 0.7403790920208662
    },
    {
      "trial": 17,
      "gesture": "three_fingers_down",
      "gesture_label": "Three Fingers Down",
      "frames_recorded": 33,
      "correct_frames": 32,
      "trial_accuracy": 96.96969696969697,
      "avg_confidence": 0.6784834419236039
    },
    {
      "trial": 18,
      "gesture": "index_point",
      "gesture_label": "Index Point",
      "frames_recorded": 71,
      "correct_frames": 61,
      "trial_accuracy": 85.91549295774648,
      "avg_confidence": 0.6006351629613151
    },
    {
      "trial": 19,
      "gesture": "three_fingers_up",
      "gesture_label": "Three Fingers Up",
      "frames_recorded": 75,
      "correct_frames": 63,
      "trial_accuracy": 84.0,
      "avg_confidence": 0.5611570183436075
    },
    {
      "trial": 20,
      "gesture": "two_fingers_up",
      "gesture_label": "Two Fingers Up",
      "frames_recorded": 71,
      "correct_frames": 66,
      "trial_accuracy": 92.95774647887323,
      "avg_confidence": 0.7999149510558222
    },
    {
      "trial": 21,
      "gesture": "fist",
      "gesture_label": "Fist",
      "frames_recorded": 72,
      "correct_frames": 72,
      "trial_accuracy": 100.0,
      "avg_confidence": 0.8941932266785039
    }
  ]
}