{
  "accuracy": 99.90850869167429,
  "precision_macro": 99.90783410138249,
  "recall_macro": 99.91596638655463,
  "f1_macro": 99.9116271648276,
  "per_class": {
    "fist": {
      "precision": 99.35483870967742,
      "recall": 100.0,
      "f1": 99.67637540453075,
      "support": 154
    },
    "index_point": {
      "precision": 100.0,
      "recall": 100.0,
      "f1": 100.0,
      "support": 161
    },
    "open_palm": {
      "precision": 100.0,
      "recall": 100.0,
      "f1": 100.0,
      "support": 150
    },
    "pinch": {
      "precision": 100.0,
      "recall": 100.0,
      "f1": 100.0,
      "support": 138
    },
    "three_fingers_down": {
      "precision": 100.0,
      "recall": 99.41176470588235,
      "f1": 99.70501474926253,
      "support": 170
    },
    "three_fingers_up": {
      "precision": 100.0,
      "recall": 100.0,
      "f1": 100.0,
      "support": 167
    },
    "two_fingers_up": {
      "precision": 100.0,
      "recall": 100.0,
      "f1": 100.0,
      "support": 153
    }
  },
  "confusion_matrix": [
    [
      154,
      0,
      0,
      0,
      0,
      0,
      0
    ],
    [
      0,
      161,
      0,
      0,
      0,
      0,
      0
    ],
    [
      0,
      0,
      150,
      0,
      0,
      0,
      0
    ],
    [
      0,
      0,
      0,
      138,
      0,
      0,
      0
    ],
    [
      1,
      0,
      0,
      0,
      169,
      0,
      0
    ],
    [
      0,
      0,
      0,
      0,
      0,
      167,
      0
    ],
    [
      0,
      0,
      0,
      0,
      0,
      0,
      153
    ]
  ],
  "avg_inference_time_ms": 1.9011883695265686,
  "fps": 525.9868070037787,
  "latency": {
    "mean_ms": 5.016570991137996,
    "std_ms": 2.0464566879626087,
    "min_ms": 3.9778000209480524,
    "max_ms": 16.267300001345575,
    "median_ms": 4.289050004445016,
    "fps": 199.33934987993712
  },
  "total_params": 5525767,
  "model_size_mb": 21.07912826538086
}